,algorithm,num_flows,buff_size,abs_delta_l,abs_delta_l_tail,abs_delta_r,abs_delta_r_tail,ave_delta_l,ave_delta_l_tail,ave_delta_r,ave_delta_r_tail,formatted_algorithm,abs_delta_inv
0,Bbr,1,9.0,1.1574074074074072,0.9746588693957112,2.1360000000000006,2.1120000000000005,1.1574074074074072,0.9523809523809522,2.1360000000000006,2.1240000000000006,BBR,1.0260000000000002
1,Cubic,1,9.0,4.2735042735042725,4.166666666666666,0.5700000000000002,0.4920000000000001,4.2735042735042725,4.166666666666666,0.5700000000000002,0.4920000000000001,Cubic,0.24000000000000005
2,Reno,1,9.0,11.904761904761902,7.936507936507935,0.4740000000000001,0.4380000000000001,11.904761904761902,6.666666666666665,0.4740000000000001,0.4560000000000001,Reno,0.12600000000000003
3,Scalable,1,9.0,3.4013605442176864,3.0864197530864192,0.46200000000000013,0.4380000000000001,3.4013605442176864,2.9761904761904754,0.46200000000000013,0.4500000000000001,Scalable,0.32400000000000007
4,Bbr,2,9.0,1.3227513227513223,0.7507507507507506,2.8320000000000007,2.7840000000000007,1.1888018217132137,0.5287817938420347,2.7120000000000006,2.6880000000000006,BBR,1.3320000000000003
5,Cubic,2,9.0,13.888888888888886,7.575757575757574,0.5040000000000001,0.4080000000000001,10.416666666666664,6.993006993006992,0.4920000000000001,0.4260000000000001,Cubic,0.13200000000000003
6,Reno,2,9.0,9.259259259259258,6.410256410256409,0.6120000000000001,0.5040000000000001,8.101851851851851,5.5803571428571415,0.5880000000000001,0.5400000000000001,Reno,0.15600000000000003
7,Scalable,2,9.0,5.208333333333332,3.787878787878787,0.5520000000000002,0.5160000000000001,4.687499999999999,3.5606060606060597,0.5400000000000001,0.5220000000000001,Scalable,0.26400000000000007
8,Bbr,4,9.0,6.944444444444443,2.083333333333333,6.240000000000001,6.000000000000002,3.111038267288267,1.855114490984056,3.0720000000000005,2.9880000000000004,BBR,0.4800000000000001
9,Cubic,4,9.0,13.888888888888886,6.944444444444443,0.7440000000000002,0.6000000000000001,9.374999999999998,6.944444444444443,0.6780000000000002,0.6240000000000001,Cubic,0.14400000000000004
10,Reno,4,9.0,13.888888888888886,6.944444444444443,1.0080000000000002,0.8160000000000002,10.763888888888888,5.5803571428571415,0.9360000000000003,0.8640000000000002,Reno,0.14400000000000004
11,Scalable,4,9.0,5.952380952380951,3.2051282051282044,0.7200000000000002,0.6480000000000001,4.728835978835978,2.9404189560439553,0.6840000000000002,0.6540000000000001,Scalable,0.31200000000000006
12,Bbr,8,9.0,6.944444444444443,1.302083333333333,5.952000000000002,4.992000000000001,2.413165878239407,1.116664407707003,4.260000000000001,4.065,BBR,0.7680000000000001
13,Cubic,8,9.0,20.83333333333333,6.944444444444443,1.5360000000000003,0.9600000000000002,10.373263888888886,5.1649305555555545,1.2540000000000004,1.1100000000000003,Cubic,0.14400000000000004
14,Reno,8,9.0,20.83333333333333,4.166666666666666,1.4400000000000004,1.0080000000000002,10.199652777777775,3.67063492063492,1.2480000000000002,1.11405,Reno,0.24000000000000005
15,Scalable,8,9.0,20.83333333333333,2.9761904761904754,1.2000000000000002,1.0080000000000002,10.156249999999998,2.619761604136603,1.0320000000000003,0.9720000000000001,Scalable,0.3360000000000001
16,Bbr,16,9.0,5.208333333333332,1.4880952380952377,11.328000000000003,8.640000000000002,2.4507676334422652,1.0410045322154693,6.504000000000002,5.985150000000001,BBR,0.6720000000000002
17,Cubic,16,9.0,10.416666666666664,5.208333333333332,2.4000000000000004,1.7280000000000004,9.765624999999995,3.960503472222221,1.800000000000001,1.6174500000000003,Cubic,0.19200000000000003
18,Reno,16,9.0,10.416666666666664,3.4722222222222214,2.4000000000000004,1.6320000000000003,9.006076388888884,3.081597222222221,1.8540000000000008,1.6593000000000004,Reno,0.2880000000000001
19,Scalable,16,9.0,10.416666666666664,2.083333333333333,1.8240000000000005,1.4400000000000004,8.789062499999996,1.8379009589947084,1.5420000000000007,1.4340000000000008,Scalable,0.4800000000000001
20,Bbr,32,9.0,5.208333333333332,1.0416666666666665,17.664000000000005,10.752000000000002,2.351888020833333,0.9444824847727311,9.426000000000002,8.74815,BBR,0.9600000000000002
21,Cubic,32,9.0,5.208333333333332,2.604166666666666,4.992000000000001,2.880000000000001,5.208333333333333,2.495659722222222,3.018000000000001,2.537999999999999,Cubic,0.38400000000000006
22,Reno,32,9.0,5.208333333333332,2.604166666666666,4.032000000000001,2.4960000000000004,5.208333333333333,2.255394345238095,2.7600000000000002,2.5116,Reno,0.38400000000000006
23,Scalable,32,9.0,5.208333333333332,1.7361111111111107,3.2640000000000007,2.4960000000000004,4.634796626984126,1.301312878885909,2.382000000000001,2.239800000000001,Scalable,0.5760000000000002
24,Bbr,64,9.0,2.604166666666666,0.6510416666666665,22.272000000000006,17.664000000000005,1.4612268518518519,0.6099698513911685,15.713882352941184,13.365270588235294,BBR,1.5360000000000003
25,Cubic,64,9.0,2.604166666666666,1.302083333333333,8.064000000000002,4.608000000000001,2.6041666666666665,1.3252593153761596,4.455724137931033,3.6105931034482754,Cubic,0.7680000000000001
26,Reno,64,9.0,2.604166666666666,1.302083333333333,8.064000000000002,4.224000000000001,2.53314393939394,1.1899518440216121,4.852363636363636,4.375505454545455,Reno,0.7680000000000001
27,Scalable,64,9.0,2.604166666666666,0.8680555555555554,6.144000000000001,4.608000000000001,2.4729489664082696,0.9252530146425493,4.3758139534883735,4.133134883720929,Scalable,1.1520000000000004
28,Bbr,128,9.0,1.302083333333333,0.32552083333333326,52.22400000000001,35.32800000000001,1.1387518274853787,0.4693451290358276,22.724715789473677,20.054905263157906,BBR,3.0720000000000005
29,Cubic,128,9.0,1.302083333333333,0.6510416666666665,18.432000000000006,8.448000000000002,1.2941438008130068,0.7142001234989029,8.344975609756096,6.618380487804876,Cubic,1.5360000000000003
30,Reno,128,9.0,1.302083333333333,0.6510416666666665,13.056000000000003,8.448000000000002,1.2944240196078416,0.7333620385090969,8.222117647058823,7.574512941176467,Reno,1.5360000000000003
31,Scalable,128,9.0,1.302083333333333,0.6510416666666665,13.824000000000003,9.216000000000003,1.3020833333333315,0.6389621286806411,7.339546391752573,6.955546391752576,Scalable,1.5360000000000003
32,Bbr,1,45.0,0.9633911368015412,0.863557858376511,2.1360000000000006,2.1120000000000005,0.9633911368015412,0.8250825082508249,2.1360000000000006,2.1120000000000005,BBR,1.1580000000000004
33,Cubic,1,45.0,1.1737089201877933,1.1737089201877933,1.2540000000000002,1.2180000000000002,1.1737089201877933,1.1737089201877933,1.2540000000000002,1.2180000000000002,Cubic,0.8520000000000001
34,Reno,1,45.0,1.6339869281045747,1.5723270440251569,1.2420000000000002,1.2180000000000002,1.6339869281045747,1.5290519877675837,1.2420000000000002,1.2300000000000002,Reno,0.6360000000000001
35,Scalable,1,45.0,0.9469696969696968,0.9157509157509155,1.2600000000000002,1.2420000000000002,0.9469696969696968,0.9157509157509155,1.2600000000000002,1.2480000000000002,Scalable,1.0920000000000003
36,Bbr,2,45.0,1.2626262626262623,0.9689922480620153,2.6160000000000005,2.5440000000000005,1.0793418051482564,0.8775778850372968,2.436000000000001,2.412000000000001,BBR,1.0320000000000003
37,Cubic,2,45.0,1.2437810945273629,1.2437810945273629,1.5360000000000003,1.3800000000000003,1.2171286425017764,1.208745007357578,1.4880000000000004,1.3560000000000003,Cubic,0.8040000000000003
38,Reno,2,45.0,1.8518518518518514,1.5723270440251569,1.4520000000000004,1.3080000000000003,1.7120894479385043,1.4957264957264953,1.3440000000000003,1.3020000000000003,Reno,0.6360000000000001
39,Scalable,2,45.0,1.2077294685990336,1.1630611770179093,1.6320000000000003,1.5120000000000005,1.1182680264805867,1.077050538525269,1.5420000000000003,1.4760000000000004,Scalable,0.8598000000000013
40,Bbr,4,45.0,1.6025641025641022,1.0162601626016259,3.8400000000000007,3.648000000000001,1.073384081196581,0.7498256011057214,3.1920000000000006,3.144000000000001,BBR,0.9840000000000001
41,Cubic,4,45.0,1.4880952380952377,1.436781609195402,1.8480000000000005,1.5120000000000005,1.3695876536098308,1.3067453503083573,1.6260000000000006,1.4940000000000004,Cubic,0.6960000000000002
42,Reno,4,45.0,2.9761904761904754,1.7361111111111107,2.1600000000000006,1.7520000000000004,2.269491129785247,1.5124692118226597,1.8900000000000006,1.8240000000000003,Reno,0.5760000000000002
43,Scalable,4,45.0,1.4880952380952377,1.1574074074074072,1.6800000000000004,1.5600000000000003,1.1682183557183554,0.9946776037201567,1.5540000000000005,1.4880000000000004,Scalable,0.8640000000000001
44,Bbr,8,45.0,2.3148148148148144,0.9057971014492752,5.376000000000001,4.512000000000001,1.429784210913691,0.7585539272802283,4.548000000000001,4.44,BBR,1.1040000000000003
45,Cubic,8,45.0,2.9761904761904754,1.302083333333333,2.7360000000000007,1.9200000000000004,1.7135122963659142,1.1631055576368075,2.0520000000000005,1.7280000000000004,Cubic,0.7680000000000001
46,Reno,8,45.0,4.166666666666666,1.8939393939393936,3.2640000000000007,2.4000000000000004,3.139467592592592,1.64735183117536,2.5260000000000002,2.412000000000001,Reno,0.5280000000000001
47,Scalable,8,45.0,3.4722222222222214,1.302083333333333,2.2080000000000006,1.8720000000000003,1.8864790234275524,1.1104480905006417,1.8540000000000005,1.7820000000000003,Scalable,0.7680000000000001
48,Bbr,16,45.0,2.604166666666666,0.8680555555555554,7.872000000000002,6.912000000000002,1.4143071434738097,0.7155296486690514,6.265600000000002,5.996800000000002,BBR,1.1520000000000004
49,Cubic,16,45.0,10.416666666666664,2.083333333333333,3.552000000000001,2.3040000000000007,4.36430431547619,1.7425933441558437,2.6100000000000003,2.136000000000001,Cubic,0.4800000000000001
50,Reno,16,45.0,10.416666666666664,2.083333333333333,3.936000000000001,2.5920000000000005,5.284288194444444,1.7399863591269835,2.8680000000000003,2.658000000000001,Reno,0.4800000000000001
51,Scalable,16,45.0,10.416666666666664,1.302083333333333,2.4000000000000004,1.8240000000000005,3.4505208333333326,1.18404093013468,1.974000000000001,1.8490500000000005,Scalable,0.7680000000000001
52,Bbr,32,45.0,5.208333333333332,0.8680555555555554,14.976000000000003,12.672000000000002,2.115026391646762,0.8675449527670972,9.57866666666667,8.818133333333334,BBR,1.1520000000000004
53,Cubic,32,45.0,5.208333333333332,2.604166666666666,5.568000000000001,3.2640000000000007,4.597981770833332,2.107747395833333,3.9780000000000006,3.3143999999999996,Cubic,0.38400000000000006
54,Reno,32,45.0,5.208333333333332,1.7361111111111107,4.800000000000001,2.880000000000001,5.045572916666666,1.7470909804894184,3.450000000000001,3.01515,Reno,0.5760000000000002
55,Scalable,32,45.0,5.208333333333332,1.302083333333333,3.456000000000001,2.4960000000000004,4.665798611111108,1.1195086050724639,2.6340000000000003,2.4720000000000013,Scalable,0.7680000000000001
56,Bbr,64,45.0,2.604166666666666,0.6510416666666665,27.648000000000007,21.888000000000005,1.6936510837278387,0.648863047772052,13.601684210526319,12.186273684210528,BBR,1.5360000000000003
57,Cubic,64,45.0,2.604166666666666,1.302083333333333,7.6800000000000015,4.992000000000001,2.563476562499999,1.2851291232638888,5.081999999999999,4.33065,Cubic,0.7680000000000001
58,Reno,64,45.0,2.604166666666666,1.302083333333333,8.448000000000002,4.992000000000001,2.5600282485875705,1.1252400728842333,5.252338983050846,4.776081355932204,Reno,0.7680000000000001
59,Scalable,64,45.0,2.604166666666666,0.8680555555555554,6.528000000000001,4.992000000000001,2.5828210382513657,0.8618929287726315,4.64577049180328,4.392550819672129,Scalable,1.1520000000000004
60,Bbr,128,45.0,1.302083333333333,0.32552083333333326,53.76000000000001,43.00800000000001,1.0059950086805554,0.44779615305575105,22.416,20.399040000000003,BBR,3.0720000000000005
61,Cubic,128,45.0,1.302083333333333,0.6510416666666665,17.664000000000005,9.216000000000003,1.3020833333333317,0.670508028792912,10.010790697674418,8.34619534883721,Cubic,1.5360000000000003
62,Reno,128,45.0,1.302083333333333,0.6510416666666665,19.200000000000003,9.216000000000003,1.294045781893003,0.6320913421325566,9.822814814814812,8.920888888888882,Reno,1.5360000000000003
63,Scalable,128,45.0,1.302083333333333,0.6510416666666665,14.592000000000004,9.984000000000002,1.302083333333332,0.49817408069483277,9.291851851851847,8.75733333333333,Scalable,1.5360000000000003
64,Bbr,1,89.0,0.7610350076103499,0.7215007215007213,2.2080000000000006,2.1840000000000006,0.7610350076103499,0.7032348804500702,2.2080000000000006,2.1840000000000006,BBR,1.3860000000000003
65,Cubic,1,89.0,0.957854406130268,0.9523809523809522,1.4940000000000004,1.4280000000000004,0.957854406130268,0.9523809523809522,1.4940000000000004,1.4280000000000004,Cubic,1.0500000000000003
66,Reno,1,89.0,1.4880952380952377,1.3661202185792347,1.5000000000000004,1.4460000000000004,1.4880952380952377,1.302083333333333,1.5000000000000004,1.4700000000000004,Reno,0.7320000000000001
67,Scalable,1,89.0,0.7645259938837918,0.7507507507507506,1.5360000000000003,1.5120000000000005,0.7645259938837918,0.7473841554559042,1.5360000000000003,1.5240000000000002,Scalable,1.3320000000000003
68,Bbr,2,89.0,0.809061488673139,0.7002801120448178,2.4720000000000004,2.3520000000000008,0.7765545538603789,0.6803741224562337,2.412000000000001,2.388000000000001,BBR,1.4280000000000004
69,Cubic,2,89.0,1.126126126126126,1.111111111111111,1.8360000000000005,1.7160000000000004,1.059094809094809,1.045751633986928,1.7280000000000004,1.634399999999998,Cubic,0.9000000000000001
70,Reno,2,89.0,1.3661202185792347,1.2820512820512817,1.5960000000000003,1.5120000000000005,1.3341017759562839,1.2265512265512264,1.5600000000000003,1.5120000000000005,Reno,0.7800000000000002
71,Scalable,2,89.0,0.9920634920634919,0.9259259259259257,1.9320000000000004,1.8240000000000005,0.8347851335656211,0.7962487835088028,1.6380000000000003,1.5840000000000003,Scalable,1.0800000000000003
72,Bbr,4,89.0,0.9689922480620153,0.5208333333333333,3.3600000000000008,3.2160000000000006,0.7521564023639753,0.42523375090777044,3.144000000000001,3.096000000000001,BBR,1.9200000000000004
73,Cubic,4,89.0,1.302083333333333,1.225490196078431,2.3280000000000007,1.9680000000000004,1.1304688809284396,1.0696165247795681,1.9680000000000004,1.781099999999997,Cubic,0.8160000000000003
74,Reno,4,89.0,2.3148148148148144,1.4880952380952377,2.4000000000000004,2.2080000000000006,1.8565246146767884,1.2650476297149682,2.2140000000000004,2.1480000000000006,Reno,0.6720000000000002
75,Scalable,4,89.0,1.1904761904761902,0.9689922480620153,2.0640000000000005,1.8720000000000003,1.0343601434026963,0.8893271760918818,1.9380000000000004,1.8780000000000003,Scalable,1.0320000000000003
76,Bbr,8,89.0,1.7361111111111107,0.8680555555555554,6.048000000000002,4.800000000000001,1.0754195016119357,0.6242597771318312,4.548000000000001,4.266000000000001,BBR,1.1520000000000004
77,Cubic,8,89.0,10.416666666666664,1.302083333333333,3.1680000000000006,2.4480000000000004,2.41559450235437,1.216449783161946,2.298,2.2200000000000006,Cubic,0.7680000000000001
78,Reno,8,89.0,4.166666666666666,1.6025641025641022,3.984000000000001,3.2640000000000007,2.6059154965404963,1.3631682704372918,2.8380000000000005,2.730000000000001,Reno,0.6240000000000001
79,Scalable,8,89.0,1.4880952380952377,0.9469696969696968,2.5440000000000005,2.2080000000000006,1.2412653167659937,0.8718222964073827,2.0640000000000005,1.9980000000000002,Scalable,1.0560000000000003
80,Bbr,16,89.0,2.604166666666666,0.7440476190476188,7.6800000000000015,6.336000000000001,1.4123625940032185,0.6553578457720166,6.102000000000002,5.784000000000001,BBR,1.3440000000000003
81,Cubic,16,89.0,5.208333333333332,2.083333333333333,3.8400000000000007,2.7840000000000007,2.261078042328042,1.561795409451659,3.1140000000000017,2.8464,Cubic,0.4800000000000001
82,Reno,16,89.0,10.416666666666664,1.7361111111111107,5.568000000000001,3.1680000000000006,4.053509424603174,1.4418506117724863,3.306000000000001,3.0972000000000004,Reno,0.5760000000000002
83,Scalable,16,89.0,3.4722222222222214,1.0416666666666665,2.6880000000000006,2.2080000000000006,1.703559027777777,0.8837699601148965,2.238000000000001,2.124000000000001,Scalable,0.9600000000000002
84,Bbr,32,89.0,5.208333333333332,0.8680555555555554,12.288000000000002,10.560000000000002,1.8240600705878482,0.6592753663178139,9.457777777777778,8.764622222222224,BBR,1.1520000000000004
85,Cubic,32,89.0,5.208333333333332,1.7361111111111107,7.6800000000000015,3.8400000000000007,3.526475694444444,1.664677372685185,3.8100000000000005,3.4051499999999995,Cubic,0.5760000000000002
86,Reno,32,89.0,5.208333333333332,1.7361111111111107,5.184000000000001,3.2640000000000007,4.340277777777777,1.4241536458333333,3.852000000000001,3.4663500000000003,Reno,0.5760000000000002
87,Scalable,32,89.0,5.208333333333332,1.302083333333333,3.648000000000001,2.6880000000000006,3.4179687499999982,0.9516939691616902,2.8140000000000005,2.64165,Scalable,0.7680000000000001
88,Bbr,64,89.0,2.604166666666666,0.6510416666666665,24.576000000000004,19.968000000000004,1.3411871693121689,0.5511545925268565,13.701120000000003,12.678912,BBR,1.5360000000000003
89,Cubic,64,89.0,2.604166666666666,1.302083333333333,6.528000000000001,5.376000000000001,2.563476562499999,1.2287178424873737,5.297999999999997,4.871850000000002,Cubic,0.7680000000000001
90,Reno,64,89.0,2.604166666666666,1.302083333333333,8.064000000000002,4.608000000000001,2.562163978494623,1.1415608647733946,5.332645161290319,4.828954838709679,Reno,0.7680000000000001
91,Scalable,64,89.0,2.604166666666666,0.8680555555555554,6.144000000000001,4.608000000000001,2.5085334274952924,0.7008524191520039,4.634033898305084,4.28615593220339,Scalable,1.1520000000000004
92,Bbr,128,89.0,1.302083333333333,0.32552083333333326,49.15200000000001,36.86400000000001,0.9615115367383505,0.4006388029145316,20.488258064516117,18.4893935483871,BBR,3.0720000000000005
93,Cubic,128,89.0,1.302083333333333,0.6510416666666665,15.360000000000003,9.216000000000003,1.296657986111111,0.7300824450111139,8.083199999999993,7.253279999999994,Cubic,1.5360000000000003
94,Reno,128,89.0,1.302083333333333,0.6510416666666665,13.824000000000003,8.448000000000002,1.3020833333333328,0.6684899172321773,9.202526315789465,8.518736842105262,Reno,1.5360000000000003
95,Scalable,128,89.0,1.302083333333333,0.6510416666666665,12.288000000000002,9.216000000000003,1.2652567340067324,0.4774070612619445,8.432484848484846,7.930763636363633,Scalable,1.5360000000000003
96,Reno,1,112.0,1.2345679012345676,1.1904761904761902,1.6260000000000003,1.6020000000000003,1.2345679012345676,1.126126126126126,1.6260000000000003,1.6140000000000003,Reno,0.8400000000000002
97,Reno,2,112.0,1.7006802721088432,1.2437810945273629,2.1840000000000006,2.0760000000000005,1.5117157974300828,1.1119948156003296,2.1360000000000006,2.1060000000000008,Reno,0.8040000000000003
98,Reno,4,112.0,2.3148148148148144,1.344086021505376,3.504000000000001,3.1440000000000006,1.9202441077441075,1.1692611072206658,2.5020000000000007,2.4420000000000006,Reno,0.7440000000000002
99,Reno,8,112.0,1.8939393939393936,1.302083333333333,3.696000000000001,2.880000000000001,1.6999059967809964,1.1597173591658885,2.7840000000000007,2.670000000000001,Reno,0.7680000000000001
100,Reno,16,112.0,5.208333333333332,1.4880952380952377,4.128000000000001,3.0720000000000005,2.686321924603174,1.3085890527296773,3.4380000000000006,3.234000000000001,Reno,0.6720000000000002
101,Reno,32,112.0,5.208333333333332,1.7361111111111107,5.568000000000001,3.8400000000000007,3.7163628472222223,1.355192376124781,4.206000000000001,3.8514,Reno,0.5760000000000002
102,Reno,64,112.0,2.604166666666666,1.302083333333333,8.448000000000002,5.376000000000001,2.582821038251365,1.1035198033400806,5.961442622950819,5.36026229508197,Reno,0.7680000000000001
103,Reno,128,112.0,1.302083333333333,0.6510416666666665,17.664000000000005,7.6800000000000015,1.3020833333333335,0.6818203379422644,8.59908196721311,7.952104918032779,Reno,1.5360000000000003
104,Bbr,1,134.0,0.65359477124183,0.6385696040868453,2.1360000000000006,2.1240000000000006,0.65359477124183,0.6337135614702153,2.1360000000000006,2.1240000000000006,BBR,1.5660000000000005
105,Cubic,1,134.0,0.8169934640522873,0.8130081300813006,1.7640000000000005,1.7340000000000004,0.8169934640522873,0.8130081300813006,1.7640000000000005,1.7520000000000004,Cubic,1.2300000000000004
106,Reno,1,134.0,1.1337868480725621,1.0752688172043008,1.7640000000000005,1.7160000000000004,1.1337868480725621,1.0288065843621397,1.7640000000000005,1.7400000000000004,Reno,0.9300000000000003
107,Scalable,1,134.0,0.6561679790026245,0.6435006435006434,1.7940000000000005,1.7640000000000005,0.6561679790026245,0.6435006435006434,1.7940000000000005,1.7700000000000005,Scalable,1.5540000000000003
108,Bbr,2,134.0,0.6459948320413436,0.5910165484633568,2.5200000000000005,2.4600000000000004,0.6249297831704301,0.5749587615784798,2.4720000000000004,2.4360000000000004,BBR,1.6920000000000004
109,Cubic,2,134.0,1.141552511415525,1.0811979673478205,2.3280000000000007,2.2080000000000006,0.9014640863955931,0.8911470525643752,1.8720000000000006,1.8660000000000005,Cubic,0.9249000000000008
110,Reno,2,134.0,1.1574074074074072,1.0416666666666665,2.2800000000000007,2.1480000000000006,1.1128917378917378,0.9640957446808509,2.0160000000000005,1.9860000000000007,Reno,0.9600000000000002
111,Scalable,2,134.0,0.7645259938837918,0.7002801120448178,2.1000000000000005,1.9800000000000004,0.6979195625984616,0.659479893652376,1.9980000000000004,1.9440000000000004,Scalable,1.4280000000000004
112,Bbr,4,134.0,0.9920634920634919,0.6313131313131312,3.600000000000001,3.408000000000001,0.747423515685766,0.5296345281448227,3.168000000000001,3.120000000000001,BBR,1.5840000000000003
113,Cubic,4,134.0,1.1574074074074072,0.9920634920634919,2.5680000000000005,2.3280000000000007,0.9385966316909089,0.8588786797441991,2.3940000000000006,2.2860000000000005,Cubic,1.0080000000000002
114,Reno,4,134.0,1.9841269841269837,1.2626262626262623,3.3120000000000007,2.880000000000001,1.4715975081828736,1.0791227207104916,2.5740000000000007,2.5200000000000005,Reno,0.7920000000000001
115,Scalable,4,134.0,0.8680555555555554,0.8169934640522873,2.6880000000000006,2.4720000000000004,0.7957605390641103,0.7490139691226646,2.2560000000000007,2.1900000000000004,Scalable,1.2240000000000004
116,Bbr,8,134.0,1.0964912280701753,0.6313131313131312,4.608000000000001,4.224000000000001,0.8056121735531263,0.5284896236242338,3.9840000000000004,3.8880000000000003,BBR,1.5840000000000003
117,Cubic,8,134.0,1.3888888888888886,1.0964912280701753,3.2640000000000007,2.6880000000000006,1.0126933506988651,0.889963084656179,2.5980000000000008,2.4060000000000006,Cubic,0.9120000000000001
118,Reno,8,134.0,2.3148148148148144,1.302083333333333,3.7920000000000007,3.0720000000000005,1.6148441699912284,1.1117954247549833,3.030000000000001,2.9160000000000004,Reno,0.7680000000000001
119,Scalable,8,134.0,0.9920634920634919,0.7716049382716048,2.5920000000000005,2.3040000000000007,0.7970510112647207,0.6824236936272928,2.2920000000000003,2.2200000000000006,Scalable,1.2960000000000003
120,Bbr,16,134.0,2.604166666666666,0.6127450980392155,6.912000000000002,5.952000000000002,0.9382342480101524,0.5011111485067807,5.988000000000001,5.744700000000002,BBR,1.6320000000000006
121,Cubic,16,134.0,10.416666666666664,1.7361111111111107,3.936000000000001,3.1680000000000006,2.433679240319865,1.1670638292804163,3.0420000000000007,2.922450000000001,Cubic,0.5760000000000002
122,Reno,16,134.0,5.208333333333332,1.4880952380952377,5.280000000000001,3.552000000000001,2.632068452380952,1.2011155077561324,3.7140000000000013,3.5340000000000007,Reno,0.6720000000000002
123,Scalable,16,134.0,2.083333333333333,0.8012820512820511,2.976000000000001,2.4000000000000004,1.2157782177313428,0.7496063250072295,2.4840000000000004,2.37855,Scalable,1.2480000000000002
124,Bbr,32,134.0,5.208333333333332,0.7440476190476188,12.288000000000002,10.176000000000002,1.6680677952999379,0.6577734515619486,9.236571428571427,8.521885714285714,BBR,1.3440000000000003
125,Cubic,32,134.0,5.208333333333332,1.7361111111111107,6.528000000000001,4.224000000000001,2.799479166666666,1.4024522569444446,4.104000000000001,3.671700000000001,Cubic,0.5760000000000002
126,Reno,32,134.0,5.208333333333332,1.7361111111111107,5.760000000000002,3.8400000000000007,3.879123263888889,1.3130768000730992,4.2780000000000005,3.9204000000000003,Reno,0.5760000000000002
127,Scalable,32,134.0,5.208333333333332,1.0416666666666665,3.456000000000001,2.880000000000001,3.092447916666665,0.8277753949806508,3.06,2.868000000000001,Scalable,0.9600000000000002
128,Bbr,64,134.0,2.604166666666666,0.6510416666666665,21.504000000000005,17.664000000000005,1.4014290348925769,0.5957909596776365,11.929599999999999,10.592,BBR,1.5360000000000003
129,Cubic,64,134.0,2.604166666666666,1.302083333333333,12.288000000000002,4.992000000000001,2.3532443576388893,1.1411143049004195,5.424000000000001,4.953300000000001,Cubic,0.7680000000000001
130,Reno,64,134.0,2.604166666666666,1.302083333333333,9.984000000000002,5.376000000000001,2.502441406249999,1.0290944678151714,6.108,5.526449999999998,Reno,0.7680000000000001
131,Scalable,64,134.0,2.604166666666666,0.8680555555555554,5.760000000000002,4.608000000000001,2.2377333788706744,0.724771141433602,4.5450491803278705,4.273101639344263,Scalable,1.1520000000000004
132,Bbr,128,134.0,1.302083333333333,0.32552083333333326,41.47200000000001,30.720000000000006,0.9027976873088677,0.3916948529593297,18.439045871559628,16.14244403669725,BBR,3.0720000000000005
133,Cubic,128,134.0,1.302083333333333,0.6510416666666665,17.664000000000005,9.216000000000003,1.3020833333333337,0.6848812650476505,8.107354838709673,7.2984774193548345,Cubic,1.5360000000000003
134,Reno,128,134.0,1.302083333333333,0.6510416666666665,14.592000000000004,8.448000000000002,1.2969163359788363,0.6608015505584954,9.246476190476185,8.513523809523804,Reno,1.5360000000000003
135,Scalable,128,134.0,1.302083333333333,0.6510416666666665,12.288000000000002,9.216000000000003,1.277551328502415,0.5133795568850944,8.087373913043477,7.762476521739128,Scalable,1.5360000000000003
136,Reno,1,166.0,1.0351966873706002,0.9920634920634919,1.9380000000000004,1.8960000000000004,1.0351966873706002,0.9523809523809522,1.9380000000000004,1.9140000000000004,Reno,1.0080000000000002
137,Reno,2,166.0,1.1904761904761902,1.006745192791703,2.5320000000000005,2.3400000000000007,1.074165298303229,0.9269445463064823,2.2140000000000004,2.1600000000000006,Reno,0.9933000000000014
138,Reno,4,166.0,1.4880952380952377,1.0964912280701753,3.3600000000000008,3.000000000000001,1.3311851958525343,0.9526623090151165,2.976000000000001,2.9220000000000006,Reno,0.9120000000000001
139,Reno,8,166.0,2.083333333333333,1.1574074074074072,6.816000000000002,3.408000000000001,2.0833333333333326,1.0881729588080056,3.5466666666666673,2.8640000000000003,Reno,0.8640000000000001
140,Reno,16,166.0,5.208333333333332,1.302083333333333,5.088000000000001,4.032000000000001,2.4626517273576094,1.112225193107546,3.9529411764705893,3.672564705882354,Reno,0.7680000000000001
141,Reno,32,166.0,5.208333333333332,1.302083333333333,6.528000000000001,4.416000000000001,2.997504340277778,1.1637369791666667,4.884000000000002,4.4652,Reno,0.7680000000000001
142,Reno,64,166.0,2.604166666666666,1.302083333333333,9.216000000000003,5.376000000000001,2.4879807692307683,0.9654934834631225,5.801353846153844,5.302006153846154,Reno,0.7680000000000001
143,Reno,128,166.0,1.302083333333333,0.6510416666666665,56.064000000000014,8.448000000000002,1.2758043077256946,0.6640553360165639,11.627999999999991,9.063299999999995,Reno,1.5360000000000003
144,Bbr,1,178.0,0.5807200929152148,0.5668934240362811,2.1720000000000006,2.1360000000000006,0.5807200929152148,0.5574136008918616,2.1720000000000006,2.1480000000000006,BBR,1.7640000000000002
145,Cubic,1,178.0,0.7032348804500702,0.7002801120448178,2.0340000000000003,1.9860000000000004,0.7032348804500702,0.7002801120448178,2.0340000000000003,1.9860000000000004,Cubic,1.4280000000000004
146,Reno,1,178.0,0.9861932938856014,0.9469696969696968,2.0340000000000003,1.9920000000000004,0.9861932938856014,0.9157509157509155,2.0340000000000003,2.0100000000000007,Reno,1.0560000000000003
147,Scalable,1,178.0,0.563063063063063,0.5592841163310961,2.0640000000000005,2.0280000000000005,0.563063063063063,0.5574136008918616,2.0640000000000005,2.0400000000000005,Scalable,1.7880000000000003
148,Bbr,2,178.0,0.5747126436781608,0.5307855626326963,2.7600000000000007,2.7120000000000006,0.5651340996168581,0.515424325924736,2.6640000000000006,2.6400000000000006,BBR,1.8840000000000003
149,Cubic,2,178.0,0.7246376811594202,0.718390804597701,2.3760000000000003,2.2920000000000007,0.7010722281135853,0.6952169076751945,2.2440000000000007,2.154000000000001,Cubic,1.3920000000000003
150,Reno,2,178.0,1.0416666666666665,0.957854406130268,2.1840000000000006,2.0520000000000005,1.005329457364341,0.9120813397129185,2.1180000000000003,2.0760000000000005,Reno,1.0440000000000003
151,Scalable,2,178.0,1.344086021505376,1.1737089201877933,3.3240000000000007,3.1800000000000006,0.8649442453205892,0.8278716798896169,2.2620000000000005,2.2080000000000006,Scalable,0.8520000000000001
152,Bbr,4,178.0,0.718390804597701,0.4734848484848484,3.648000000000001,3.408000000000001,0.5822414035636609,0.41601350789357877,3.2640000000000007,3.216000000000001,BBR,2.1120000000000005
153,Cubic,4,178.0,0.7861635220125784,0.7716049382716048,2.5440000000000005,2.3280000000000007,0.729016573527789,0.6958223104056436,2.3640000000000008,2.2620000000000005,Cubic,1.2960000000000003
154,Reno,4,178.0,4.166666666666666,0.9920634920634919,3.552000000000001,3.2160000000000006,2.102524976660551,1.97054594433111,1.9880000000000007,1.9520000000000006,Reno,1.0080000000000002
155,Scalable,4,178.0,0.7861635220125784,0.7309941520467834,3.000000000000001,2.7840000000000007,0.6265428114011328,0.6005549678125317,2.3760000000000003,2.3340000000000005,Scalable,1.3680000000000003
156,Bbr,8,178.0,0.9920634920634919,0.5208333333333333,4.800000000000001,4.512000000000001,0.6390462429616061,0.44469461513872416,4.224,4.128000000000001,BBR,1.9200000000000004
157,Cubic,8,178.0,0.9920634920634919,0.8333333333333331,3.3120000000000007,2.880000000000001,0.8097232163324115,0.7533639884110312,2.8560000000000008,2.706000000000001,Cubic,1.2000000000000002
158,Reno,8,178.0,1.6025641025641022,1.0964912280701753,4.176000000000001,3.696000000000001,1.3430783321819502,0.9649991389985906,3.3720000000000008,3.270000000000001,Reno,0.9120000000000001
159,Scalable,8,178.0,0.8680555555555554,0.6313131313131312,3.0720000000000005,2.5920000000000005,0.63989771021021,0.5667243708771048,2.520000000000001,2.4660000000000006,Scalable,1.5840000000000003
160,Bbr,16,178.0,1.7361111111111107,0.7440476190476188,8.256000000000002,7.104000000000002,0.9057452754036927,0.5108859553195841,6.264000000000001,6.0161999999999995,BBR,1.3440000000000003
161,Cubic,16,178.0,1.4880952380952377,0.8012820512820511,4.608000000000001,3.1680000000000006,0.898160541715229,0.6760730555295665,3.1500000000000004,2.8224,Cubic,1.2480000000000002
162,Reno,16,178.0,2.604166666666666,1.1574074074074072,5.472000000000001,4.128000000000001,1.556064739658489,0.9838270092176341,3.9120000000000004,3.737549999999999,Reno,0.8640000000000001
163,Scalable,16,178.0,1.302083333333333,0.6944444444444443,3.8400000000000007,2.7840000000000007,0.9118955408017905,0.6100769168045487,2.8560000000000008,2.7720000000000007,Scalable,1.4400000000000004
164,Bbr,32,178.0,1.7361111111111107,0.8680555555555554,16.128000000000004,13.056000000000003,1.03995117225964,0.6071530819864,8.776258064516131,8.022812903225809,BBR,1.1520000000000004
165,Cubic,32,178.0,5.208333333333332,1.302083333333333,6.912000000000002,4.224000000000001,1.7461867559523807,1.0622700686177249,4.212000000000001,3.9285,Cubic,0.7680000000000001
166,Reno,32,178.0,5.208333333333332,1.302083333333333,7.488000000000001,4.416000000000001,2.9703776041666674,1.1327349950396823,5.052000000000002,4.690050000000002,Reno,0.7680000000000001
167,Scalable,32,178.0,5.208333333333332,0.8680555555555554,3.8400000000000007,3.0720000000000005,1.963975694444444,0.8472913345382324,3.120000000000001,2.964,Scalable,1.1520000000000004
168,Bbr,64,178.0,2.604166666666666,0.6510416666666665,26.880000000000006,19.200000000000003,1.2257473002862345,0.5086321728544118,12.168393442622953,10.476118032786886,BBR,1.5360000000000003
169,Cubic,64,178.0,2.604166666666666,1.302083333333333,8.832000000000003,4.608000000000001,2.1497938368055567,1.062463831018519,5.316000000000002,4.943250000000001,Cubic,0.7680000000000001
170,Reno,64,178.0,2.604166666666666,1.302083333333333,8.832000000000003,5.376000000000001,2.434624565972222,1.0086213699494955,5.928000000000001,5.416499999999998,Reno,0.7680000000000001
171,Scalable,64,178.0,2.604166666666666,0.8680555555555554,6.144000000000001,4.608000000000001,2.4120560109289615,0.7000957441029478,4.582819672131147,4.293245901639344,Scalable,1.1520000000000004
172,Bbr,128,178.0,1.302083333333333,0.32552083333333326,82.94400000000002,56.064000000000014,0.9929813139619876,0.42836034155763697,17.38105263157895,15.495242105263156,BBR,3.0720000000000005
173,Cubic,128,178.0,1.302083333333333,0.6510416666666665,12.288000000000002,8.448000000000002,1.291666666666667,0.6854457172551803,7.821311999999997,7.187404799999994,Cubic,1.5360000000000003
174,Reno,128,178.0,1.302083333333333,0.6510416666666665,16.128000000000004,7.6800000000000015,1.2914972899728998,0.6450429087624209,8.547902439024382,7.865756097560971,Reno,1.5360000000000003
175,Scalable,128,178.0,1.302083333333333,0.6510416666666665,16.128000000000004,9.216000000000003,1.264255224260957,0.48772705602436156,8.264807339449538,7.853856880733941,Scalable,1.5360000000000003
176,Reno,1,223.0,0.8912655971479498,0.863557858376511,2.2500000000000004,2.2080000000000006,0.8912655971479498,0.8375209380234504,2.2500000000000004,2.2320000000000007,Reno,1.1580000000000004
177,Reno,2,223.0,1.0416666666666665,0.9157509157509155,2.6520000000000006,2.5080000000000005,0.9293300653594769,0.8304836345872006,2.3700000000000006,2.3280000000000003,Reno,1.0920000000000003
178,Reno,4,223.0,4.166666666666666,1.2626262626262623,5.760000000000002,4.584000000000001,4.166666666666666,1.4373799287592388,4.132800000000001,3.8073600000000005,Reno,0.7920000000000001
179,Reno,8,223.0,1.4880952380952377,0.9057971014492752,4.080000000000001,3.7440000000000007,1.0573642024094325,0.8219243910629301,3.600000000000001,3.504000000000001,Reno,1.1040000000000003
180,Reno,16,223.0,2.083333333333333,1.0416666666666665,6.144000000000001,4.512000000000001,1.3224767131017128,0.888542698292936,4.398000000000001,4.200000000000002,Reno,0.9600000000000002
181,Reno,32,223.0,2.604166666666666,1.0416666666666665,6.336000000000001,4.800000000000001,1.6031901041666665,0.9198615027151211,5.094000000000001,4.801500000000001,Reno,0.9600000000000002
182,Reno,64,223.0,2.604166666666666,1.302083333333333,11.136000000000003,5.760000000000002,2.1972656250000004,0.9562174479166673,6.708,6.155849999999999,Reno,0.7680000000000001
183,Reno,128,223.0,1.302083333333333,0.6510416666666665,21.504000000000005,9.216000000000003,1.2506853070175432,0.5964281597510219,10.138947368421054,9.473178947368416,Reno,1.5360000000000003
